"id","date_change","date_created","done","name"
"e159247d-f873-4a25-87ff-115ac62ad09d","2020-10-17T12:36:17.070346","2020-10-17T12:36:17.07027","false","task list 1"
"e159247d-f873-4a25-87ff-116ac62ad09d","2020-10-17T12:36:17.07027","2020-10-17T11:36:17.07027","false","task list 2"
"e159247d-f873-4a25-87ff-117ac62ad09d","2020-10-16T12:37:17.07027","2020-10-16T12:37:17.07027","true","task list 3"
"e159247d-f873-4a25-87ff-118ac62ad09d","2020-10-17T12:36:17.070346","2020-10-17T12:36:17.07027","false","task list 4"
"e159247d-f873-4a25-87ff-119ac62ad09d","2020-10-17T12:36:17.07027","2020-10-17T11:36:17.07027","false","task list 5"
"e159247d-f873-4a25-87ff-120ac62ad09d","2020-10-16T12:37:17.07027","2020-10-16T12:37:17.07027","true","task list 6"
"e159247d-f873-4a25-87ff-121ac62ad09d","2020-10-17T12:36:17.070346","2020-10-17T12:36:17.07027","false","task list 7"
"e159247d-f873-4a25-87ff-122ac62ad09d","2020-10-17T12:36:17.07027","2020-10-17T11:36:17.07027","false","task list 8"
"e159247d-f873-4a25-87ff-123ac62ad09d","2020-10-16T12:37:17.07027","2020-10-16T12:37:17.07027","true","task list 9"
"e159247d-f873-4a25-87ff-124ac62ad09d","2020-10-17T12:36:17.070346","2020-10-17T12:36:17.07027","false","task list 10"
"e159247d-f873-4a25-87ff-125ac62ad09d","2020-10-17T12:36:17.07027","2020-10-17T11:36:17.07027","false","task list 11"
"e159247d-f873-4a25-87ff-126ac62ad09d","2020-10-16T12:37:17.07027","2020-10-16T12:37:17.07027","true","task list 12"
"e159247d-f873-4a25-87ff-127ac62ad09d","2020-10-17T12:36:17.070346","2020-10-17T12:36:17.07027","false","task list 13"
"e159247d-f873-4a25-87ff-128ac62ad09d","2020-10-17T12:36:17.07027","2020-10-17T11:36:17.07027","false","task list 14"
"e159247d-f873-4a25-87ff-129ac62ad09d","2020-10-16T12:37:17.07027","2020-10-16T12:37:17.07027","true","task list 15"
